{"cameraMode":{"drawMode":0,"name":"Shaded","section":"Shading Mode"},"sceneLighting":false,"audioPlay":false,"sceneViewState":{"showFog":true,"showMaterialUpdate":false,"showSkybox":true,"showFlares":true,"showImageEffects":true,"showParticleSystems":true},"in2DMode":false,"pivot":{"x":-0.12999999523162843,"y":-0.029999997466802598,"z":1.0},"rotation":{"x":-0.1410340964794159,"y":-0.2598556578159332,"z":0.03841700404882431,"w":-0.9545201063156128},"size":0.39882588386535647,"orthographic":true}