{"cameraMode":{"drawMode":0,"name":"Shaded","section":"Shading Mode"},"sceneLighting":true,"audioPlay":false,"sceneViewState":{"showFog":true,"showMaterialUpdate":false,"showSkybox":true,"showFlares":true,"showImageEffects":true,"showParticleSystems":true},"in2DMode":false,"pivot":{"x":-2.977590322494507,"y":1.4634259939193726,"z":-2.6730432510375978},"rotation":{"x":-0.1410340964794159,"y":-0.2598556578159332,"z":0.03841700404882431,"w":-0.9545201063156128},"size":0.5221623778343201,"orthographic":true}