{"cameraMode":{"drawMode":0,"name":"Shaded","section":"Shading Mode"},"sceneLighting":true,"audioPlay":false,"sceneViewState":{"showFog":true,"showMaterialUpdate":false,"showSkybox":true,"showFlares":true,"showImageEffects":true,"showParticleSystems":true},"in2DMode":false,"pivot":{"x":-0.30964261293411257,"y":0.000015298070138669573,"z":0.49208998680114748},"rotation":{"x":-0.1410340964794159,"y":-0.2598556578159332,"z":0.03841700404882431,"w":-0.9545201063156128},"size":5.2353434562683109,"orthographic":true}