{"cameraMode":{"drawMode":0,"name":"Shaded","section":"Shading Mode"},"sceneLighting":true,"audioPlay":false,"sceneViewState":{"showFog":true,"showMaterialUpdate":false,"showSkybox":true,"showFlares":true,"showImageEffects":true,"showParticleSystems":true},"in2DMode":false,"pivot":{"x":0.0007926523685455322,"y":0.001256018877029419,"z":0.004731588065624237},"rotation":{"x":-0.1410340964794159,"y":-0.2598556578159332,"z":0.03841700404882431,"w":-0.9545201063156128},"size":2.335484504699707,"orthographic":true}